,GDP,Industrial_Production,Retail_Sales,Wage_and_Salary,Consumer_Price_Index,Money_Supply_M2,Personal_Consumption,Producer_Price_Index,Average_Hourly_Earnings,Job_Openings,Unemployment_Rate,Commercial_Real_Estate_Prices,Median_House_Price,Treasury_Spread_10Y_2Y,Nasdaq_Composite,Federal_Funds_Rate
1913-03-31,,,,,,,,12.034444444444443,,,,,,,,
1913-06-30,,,,,,,,11.932967032967033,,,,,,,,
1913-09-30,,,,,,,,12.065217391304348,,,,,,,,
1913-12-31,,,,,,,,12.066304347826087,,,,,,,,
1914-03-31,,,,,,,,11.765555555555556,,,,,,,,
1914-06-30,,,,,,,,11.632967032967032,,,,,,,,
1914-09-30,,,,,,,,11.89782608695652,,,,,,,,
1914-12-31,,,,,,,,11.666304347826086,,,,,,,,
1915-03-31,,,,,,,,11.8,,,,,,,,
1915-06-30,,,,,,,,11.834065934065935,,,,,,,,
1915-09-30,,,,,,,,11.833695652173914,,,,,,,,
1915-12-31,,,,,,,,12.40108695652174,,,,,,,,
1916-03-31,,,,,,,,13.568131868131868,,,,,,,,
1916-06-30,,,,,,,,14.200000000000001,,,,,,,,
1916-09-30,,,,,,,,14.696739130434782,,,,,,,,
1916-12-31,,,,,,,,16.530434782608694,,,,,,,,
1917-03-31,,,,,,,,18.034444444444446,,,,,,,,
1917-06-30,,,,,,,,20.5032967032967,,,,,,,,
1917-09-30,,,,,,,,21.333695652173912,,,,,,,,
1917-12-31,,,,,,,,21.166304347826088,,,,,,,,
1918-03-31,,,,,,,,21.513333333333335,,,,,,,,
1918-06-30,,,,,,,,22.132967032967034,,,,,,,,
1918-09-30,,,,,,,,23.194565217391304,,,,,,,,
1918-12-31,,,,,,,,23.5,,,,,,,,
1919-03-31,,4.678162222222222,,,,,,22.744444444444444,,,,,,,,
1919-06-30,,4.712115384615385,,,,,,23.2010989010989,,,,,,,,
1919-09-30,,5.233286956521739,,,,,,24.502173913043475,,,,,,,,
1919-12-31,,5.107917391304348,,,,,,25.10217391304348,,,,,,,,
1920-03-31,,5.581479120879121,,,,,,27.2021978021978,,,,,,,,
1920-06-30,,5.322695604395604,,,,,,28.66813186813187,,,,,,,,
1920-09-30,,5.225066304347826,,,,,,27.743478260869566,,,,,,,,
1920-12-31,,4.534386956521739,,,,,,22.89891304347826,,,,,,,,
1921-03-31,,3.8884688888888888,,,,,,18.47888888888889,,,,,,,,
1921-06-30,,3.853392307692308,,,,,,16.56703296703297,,,,,,,,
1921-09-30,,3.94181847826087,,,,,,16.1,,,,,,,,
1921-12-31,,4.202464130434783,,,,,,16.132608695652173,,,,,,,,
1922-03-31,,4.534496666666667,,,,,,15.896666666666667,,,,,,,,
1922-06-30,,4.838532967032966,,,,,,16.435164835164837,,,,,,,,
1922-09-30,,5.096808695652173,,,,,,17.066304347826087,,,,,,,,
1922-12-31,,5.752173913043479,,,,,,17.266304347826086,,,,,,,,
1923-03-31,,5.923927777777778,,,,,,17.8,,,,,,,,
1923-06-30,,6.245792307692308,,,,,,17.565934065934066,,,,,,,,
1923-09-30,,6.067464130434782,,,,,,17.031521739130433,,,,,,,,
1923-12-31,,5.86851304347826,,,,,,17.0,,,,,,,,
1924-03-31,,5.948058241758242,,,,,,17.13186813186813,,,,,,,,
1924-06-30,,5.483667032967032,,,,,,16.532967032967033,,,,,,,,
1924-09-30,,5.347221739130435,,,,,,16.632608695652173,,,,,,,,
1924-12-31,,5.797460869565217,,,,,,17.167391304347827,,,,,,,,
1925-03-31,,6.1288,,,,,,17.83111111111111,,,,,,,,
1925-06-30,,6.146831868131868,,,,,,17.565934065934066,,,,,,,,
1925-09-30,,6.165640217391305,,,,,,17.90108695652174,,,,,,,,
1925-12-31,,6.433271739130435,,,,,,17.86521739130435,,,,,,,,
1926-03-31,,6.452262222222223,,,,,,17.565555555555555,,,,,,,,
1926-06-30,,6.495674725274726,,,,,,17.3,,,,,,,,
1926-09-30,,6.647461956521739,,,,,,17.132608695652173,,,,,,,,
1926-12-31,,6.720199999999999,,,,,,17.0,,,,,,,,
1927-03-31,,6.729431111111111,,,,,,16.496666666666666,,,,,,,,
1927-06-30,,6.666728571428571,,,,,,16.232967032967032,,,,,,,,
1927-09-30,,6.550745652173913,,,,,,16.39782608695652,,,,,,,,
1927-12-31,,6.352930434782609,,,,,,16.633695652173913,,,,,,,,
1928-03-31,,6.5589,,,,,,16.534065934065936,,,,,,,,
1928-06-30,,6.657564835164835,,,,,,16.734065934065935,,,,,,,,
1928-09-30,,6.90745652173913,,,,,,16.86521739130435,,,,,,,,
1928-12-31,,7.2578,,,,,,16.567391304347826,,,,,,,,
1929-03-31,,7.49133111111111,,,,,,16.503333333333334,,,,,,,,
1929-06-30,,7.741928571428571,,,,,,16.3989010989011,,,,,,,,
1929-09-30,,7.858815217391304,,,,,,16.6,,,,,,,,
1929-12-31,,7.302794565217391,,,,,,16.20108695652174,,,,,,,,
1930-03-31,,6.907437777777778,,,,,,15.7,,,,,,,,
1930-06-30,,6.639861538461538,,,,,,15.267032967032966,,,,,,,,
1930-09-30,,6.0584,,,,,,14.5,,,,,,,,
1930-12-31,,5.6450000000000005,,,,,,14.0,,,,,,,,
1931-03-31,,5.538362222222222,,,,,,13.26888888888889,,,,,,,,
1931-06-30,,5.546596703296704,,,,,,12.632967032967032,,,,,,,,
1931-09-30,,5.145634782608696,,,,,,12.367391304347825,,,,,,,,
1931-12-31,,4.686297826086957,,,,,,11.998913043478263,,,,,,,,
1932-03-31,,4.426761538461538,,,,,,11.468131868131866,,,,,,,,
1932-06-30,,3.9246,,,,,,11.132967032967032,,,,,,,,
1932-09-30,,3.8328576086956523,,,,,,11.19891304347826,,,,,,,,
1932-12-31,,4.139341304347826,,,,,,10.966304347826087,,,,,,,,
1933-03-31,,3.939513333333333,,,,,,10.403333333333334,,,,,,,,
1933-06-30,,4.748736263736264,,,,,,10.799999999999999,,,,,,,,
1933-09-30,,5.7019141304347825,,,,,,12.031521739130437,,,,,,,,
1933-12-31,,4.947202173913044,,,,,,12.266304347826088,,,,,,,,
1934-03-31,,5.268634444444444,,,,,,12.596666666666668,,,,,,,,
1934-06-30,,5.5472208791208795,,,,,,12.765934065934067,,,,,,,,
1934-09-30,,5.0021706521739135,,,,,,13.164130434782608,,,,,,,,
1934-12-31,,5.144140217391304,,,,,,13.233695652173912,,,,,,,,
1935-03-31,,5.867472222222222,,,,,,13.665555555555555,,,,,,,,
1935-06-30,,5.805971428571429,,,,,,13.799999999999999,,,,,,,,
1935-09-30,,6.0551521739130445,,,,,,13.832608695652173,,,,,,,,
1935-12-31,,6.5407717391304345,,,,,,13.933695652173913,,,,,,,,
1936-03-31,,6.45313956043956,,,,,,13.831868131868132,,,,,,,,
1936-06-30,,6.989,,,,,,13.631868131868131,,,,,,,,
1936-09-30,,7.372903260869565,,,,,,13.966304347826087,,,,,,,,
1936-12-31,,7.831364130434783,,,,,,14.233695652173912,,,,,,,,
1937-03-31,,8.172627777777778,,,,,,14.934444444444443,,,,,,,,
1937-06-30,,8.315592307692308,,,,,,15.1,,,,,,,,
1937-09-30,,8.182876086956522,,,,,,15.133695652173913,,,,,,,,
1937-12-31,,6.7116869565217385,,,,,,14.4,,,,,,,,
1938-03-31,,5.905396666666666,,,,,,13.834444444444443,,,,,,,,
1938-06-30,,5.707010989010989,,,,,,13.5,,,,,,,,
1938-09-30,,6.2965347826086955,,,,,,13.5,,,,,,,,
1938-12-31,,6.89871847826087,,,,,,13.366304347826087,,,,,,,,
1939-03-31,,7.087268888888889,,,,,,13.265555555555556,,,,,,,,
1939-06-30,,7.131643956043956,,,,,,13.067032967032967,,,,,,,,
1939-09-30,,7.6662989130434775,,,,,,13.161956521739132,,,,,,,,
1939-12-31,,8.556254347826087,,,,,,13.667391304347825,,,,,,,,
1940-03-31,,8.279857142857143,,,,,,13.6,,,,,,,,
1940-06-30,,8.476268131868132,,,,,,13.467032967032967,,,,,,,,
1940-09-30,,8.940775,,,,,,13.4,,,,,,,,
1940-12-31,,9.47135652173913,,,,,,13.700000000000001,,,,,,,,
1941-03-31,,10.304565555555556,,,,,,13.934444444444443,,,,,,,,
1941-06-30,,10.99570989010989,,,,,,14.665934065934065,,,,,,,,
1941-09-30,,11.43281304347826,,,,,,15.56413043478261,,,,,,,,
1941-12-31,,11.684653260869565,,,,,,16.00108695652174,,,,,,,,
1942-03-31,,12.256737777777776,,,,,,16.665555555555557,,,,,,,,
1942-06-30,,12.096332967032968,,,,,,17.0,,,,,,,,
1942-09-30,,12.764827173913044,,,,,,17.09891304347826,,,,,,,,
1942-12-31,,13.8436,,,,,,17.3,,,,,,,,
1943-03-31,,14.584313333333332,,,,,,17.665555555555557,,,,,,,,
1943-06-30,,15.01808901098901,,,,,,17.9,,,,,,,,
1943-09-30,,15.801776086956522,,,,,,17.8,,,,,,,,
1943-12-31,,16.494241304347828,,,,,,17.767391304347825,,,,,,,,
1944-03-31,,16.691751648351648,,,,,,17.834065934065936,,,,,,,,
1944-06-30,,16.630003296703297,,,,,,17.93296703296703,,,,,,,,
1944-09-30,,16.6392,,,,,,17.9,,,,,,,,
1944-12-31,,16.585726086956523,,,,,,17.966304347826085,,,,,,,,
1945-03-31,,16.271203333333332,,,,,,18.1,,,,,,,,
1945-06-30,,15.483004395604395,,,,,,18.267032967032968,,,,,,,,
1945-09-30,,13.35595543478261,,,,,,18.20108695652174,,,,,,,,
1945-12-31,,11.862003260869566,,,,,,18.332608695652173,,,,,,,,
1946-03-31,,11.389416666666667,,,,,,18.56888888888889,,,,,,,,
1946-06-30,,11.662097802197803,,,,,,19.165934065934064,,,,,,,,
1946-09-30,,12.773891304347824,,,,,,21.703260869565216,,,,,,,,
1946-12-31,,13.413499999999999,,,,,,23.830434782608698,,,,,,,,
1947-03-31,243.164,13.736065555555557,,,21.702666666666666,,,24.837777777777777,,,,,,,,
1947-06-30,245.968,13.745196703296703,,,22.00934065934066,,,25.032967032967033,,,,,,,,
1947-09-30,249.585,13.770828260869564,,,22.48619565217391,,,25.661956521739132,,,,,,,,
1947-12-31,259.745,14.147746739130435,,,23.127391304347825,,,26.767391304347825,,,,,,,,
1948-03-31,265.742,14.290221978021979,,,23.615494505494507,,,27.370329670329667,,,3.7318681318681315,,,,,
1948-06-30,272.567,14.444096703296704,,,23.993516483516483,,,27.532967032967033,,,3.6648351648351647,,,,,
1948-09-30,279.196,14.57927391304348,,,24.3970652173913,,,28.099999999999998,,,3.766304347826087,,,,,
1948-12-31,280.366,14.426228260869564,,,24.173478260869565,,,27.732608695652175,,,3.8336956521739127,,,,,
1949-03-31,275.034,13.958606666666666,,,23.944444444444443,,,26.97222222222222,,,4.665555555555556,,,,,
1949-06-30,271.351,13.520442857142857,,,23.91659340659341,,,26.267032967032968,,,5.86923076923077,,,,,
1949-09-30,272.889,13.546439130434782,,,23.71630434782609,,,26.032608695652176,,,6.701086956521739,,,,,
1949-12-31,270.627,13.484777173913043,,,23.659565217391304,,,25.96630434782609,,,6.9728260869565215,,,,,
1950-03-31,280.828,14.197514444444444,,,23.58588888888889,,,26.031111111111112,,,6.4,,,,,
1950-06-30,290.383,15.384372527472525,,,23.766703296703298,,,26.36703296703297,,,5.565934065934066,,,,,
1950-09-30,308.153,16.620195652173912,,,24.201847826086958,,,27.86086956521739,,,4.635869565217392,,,,,
1950-12-31,319.945,16.90916847826087,,,24.694347826086958,,,29.10108695652174,,,4.233695652173913,,,,,
1951-03-31,336.0,17.2482,,,25.69222222222222,,,30.76222222222222,,,3.5033333333333334,,,,,
1951-06-30,344.09,17.302364835164834,,,25.947142857142858,,,30.667032967032966,,,3.098901098901099,,,,,
1951-09-30,351.385,16.88990543478261,,,25.93228260869565,,,30.167391304347827,,,3.1652173913043478,,,,,
1951-12-31,356.17799999999994,17.00643586956522,,,26.31663043478261,,,30.1,,,3.365217391304348,,,,,
1952-03-31,359.82,17.400406593406593,,,26.416813186813187,,,29.86813186813187,,,3.065934065934066,,,,,
1952-06-30,361.03,17.149900000000002,,,26.486483516483517,,,29.567032967032965,,,2.967032967032967,,,,,
1952-09-30,367.70099999999996,17.64312934782609,,,26.667065217391304,,,29.667391304347827,,,3.2347826086956526,,,,,
1952-12-31,380.81199999999995,18.91412608695652,,,26.696739130434782,,,29.3,,,2.8336956521739127,,,,,
1953-03-31,387.9800000000001,19.29203111111111,,,26.621,,,29.134444444444444,,,2.7033333333333336,,,,,
1953-06-30,391.749,19.560889010989012,,,26.71978021978022,,,29.034065934065932,,,2.565934065934066,,,,,
1953-09-30,391.17099999999994,19.581444565217392,,,26.84282608695652,,,29.366304347826084,,,2.731521739130435,,,,,
1953-12-31,385.9700000000001,18.655266304347826,,,26.890434782608697,,,29.167391304347827,,,3.7021739130434783,,,,,
1954-03-31,385.345,18.062075555555555,,,26.952111111111112,,,29.334444444444443,,,5.268888888888889,,,,,
1954-06-30,386.121,17.992396703296702,,,26.91021978021978,,,29.334065934065936,,,5.801098901098901,,,,,
1954-09-30,390.996,18.081702173913044,,,26.84032608695652,,,29.267391304347825,,,5.965217391304347,,,,,1.0295652173913044
1954-12-31,399.734,18.583371739130435,,,26.75641304347826,,,29.09891304347826,,,5.333695652173913,,,,,0.9883695652173913
1955-03-31,413.073,19.58949,,,26.792444444444445,,,29.23111111111111,,,4.734444444444445,,,,,1.3451111111111111
1955-06-30,421.532,20.439416483516485,,,26.756813186813186,,,29.23186813186813,,,4.398901098901099,,,,,1.4992307692307694
1955-09-30,430.221,20.751090217391305,,,26.77586956521739,,,29.43152173913043,,,4.1,,,,,1.9373913043478261
1955-12-31,437.092,21.24483043478261,,,26.85641304347826,,,29.53369565217391,,,4.233695652173913,,,,,2.3567391304347827
1956-03-31,439.746,21.326778021978022,,,26.859999999999996,,,29.8,,,4.036263736263736,,,,,2.482967032967033
1956-06-30,446.00999999999993,21.235799999999998,,,27.036593406593404,,,30.234065934065935,,,4.201098901098901,,,,,2.693956043956044
1956-09-30,451.191,21.112807608695654,,,27.316304347826087,,,30.39782608695652,,,4.135869565217392,,,,,2.808478260869565
1956-12-31,460.4630000000001,21.891750000000002,,,27.550434782608693,,,30.7,,,4.131521739130435,,,,,2.9271739130434784
1957-03-31,469.779,22.093313333333334,,,27.77588888888889,,,31.0,,,3.934444444444445,,,,,2.9311111111111114
1957-06-30,472.02500000000003,21.817740659340657,,,28.01318681318681,,,31.065934065934066,,,4.1,,,,,3.0
1957-09-30,479.49,21.90023043478261,,,28.26271739130435,,,31.333695652173912,,,4.231521739130435,,,,,3.2307608695652177
1957-12-31,474.864,20.976322826086957,,,28.399891304347825,,,31.3,,,4.931521739130434,,,,,3.2530434782608695
1958-03-31,467.53999999999996,19.79529,,,28.737888888888886,,,31.568888888888885,,,6.296666666666667,,,,,1.8697777777777778
1958-06-30,471.978,19.460484615384615,,,28.93010989010989,,,31.634065934065937,,,7.367032967032967,,,,,0.9365934065934066
1958-09-30,485.841,20.489308695652173,,,28.913369565217394,,,31.6,,,7.335869565217391,,,,,1.3185869565217392
1958-12-31,499.55499999999995,21.412857608695653,,,28.943260869565215,,,31.566304347826087,,,6.368478260869565,,,,,2.1621739130434783
1959-03-31,510.33,22.35463777777778,,,28.993111111111112,287.8377777777778,309.46222222222224,31.7,,,5.8311111111111105,,,,,2.5746666666666664
1959-06-30,522.653,23.441215384615383,,,29.043296703296704,292.1340659340659,315.50659340659337,31.767032967032968,,,5.1000000000000005,,,,,3.081318681318681
1959-09-30,525.034,22.484285869565216,,,29.19271739130435,296.0934782608696,320.69565217391306,31.666304347826088,,,5.264130434782609,,,,,3.5746739130434784
1959-12-31,528.6,22.593246739130436,,,29.370217391304347,297.1336956521739,322.8663043478261,31.53369565217391,,,5.5978260869565215,,,,,3.989891304347826
1960-03-31,542.648,23.950765934065938,,29.189,29.396373626373627,298.6384615384615,326.3901098901099,31.66813186813187,,,5.140659340659341,,,,,3.9325274725274726
1960-06-30,541.08,23.432084615384614,,21.476,29.573296703296705,301.0978021978022,332.1758241758242,31.732967032967032,,,5.231868131868132,,,,,3.6983516483516485
1960-09-30,545.604,23.047617391304346,,21.359,29.58978260869565,306.44565217391306,332.1195652173913,31.633695652173916,,,5.533695652173913,,,,,2.9403260869565218
1960-12-31,540.197,22.48987717391304,,10.833,29.78,310.93369565217387,334.0184782608696,31.7,,,6.268478260869564,,,,,2.295108695652174
1961-03-31,545.018,22.15155888888889,,13.205,29.84,316.29333333333335,334.56111111111113,31.8,,,6.796666666666667,,,,,1.9854444444444443
1961-06-30,555.545,23.027964835164838,,18.575,29.83010989010989,322.1340659340659,339.47142857142853,31.467032967032967,,,7.001098901098901,,,,,1.736043956043956
1961-09-30,567.664,23.762015217391305,,24.058999999999997,29.946304347826086,327.545652173913,342.34456521739133,31.5,,,6.767391304347826,,,,,1.6811956521739129
1961-12-31,580.612,24.595315217391303,,25.017,29.990108695652175,333.33260869565214,349.59673913043474,31.53369565217391,,,6.201086956521739,,,,,2.3977173913043477
1962-03-31,594.013,24.960278888888887,,29.382,30.106555555555556,340.2377777777778,354.8955555555555,31.7,,,5.637777777777777,,,,,2.4595555555555557
1962-06-30,600.366,25.205264835164833,,26.95,30.22021978021978,347.4340659340659,360.4835164835165,31.532967032967033,,,5.532967032967033,,,,,2.603956043956044
1962-09-30,609.027,25.472733695652174,,28.103999999999996,30.305434782608696,352.8108695652174,364.31847826086954,31.69782608695652,,,5.566304347826088,,,,,2.846086956521739
1962-12-31,612.28,25.688677173913042,,24.701,30.38,359.90108695652174,370.58804347826083,31.666304347826088,,,5.531521739130435,,,,,2.9231521739130435
1963-03-31,621.672,26.16243777777778,,28.296,30.47655555555556,367.9344444444444,374.29555555555555,31.534444444444443,,,5.762222222222222,,17800.0,,,2.9655555555555555
1963-06-30,629.752,26.854785714285715,,28.208,30.533076923076926,375.9351648351648,378.4197802197802,31.5,,,5.735164835164835,,18000.0,,,2.9637362637362634
1963-09-30,644.444,27.030923913043477,,30.458,30.72,383.5402173913044,385.3989130434782,31.633695652173916,,,5.5,,17900.0,,,3.328369565217391
1963-12-31,653.938,27.489384782608695,,31.510999999999996,30.803586956521738,390.9945652173913,390.04021739130434,31.632608695652177,,,5.565217391304348,,18500.0,,,3.4530434782608697
1964-03-31,669.822,27.86498791208791,,32.909,30.930439560439563,397.5318681318681,399.58681318681323,31.66813186813187,,,5.468131868131868,,18500.0,,,3.462967032967033
1964-06-30,678.674,28.520795604395605,,33.1,30.979999999999997,404.3318681318681,407.54285714285714,31.532967032967033,,,5.198901098901098,,18900.0,,,3.49010989010989
1964-09-30,692.031,28.97600543478261,,34.588,31.04967391304348,413.42934782608694,416.3978260869565,31.632608695652177,,,4.998913043478261,,18900.0,,,3.4567391304347823
1964-12-31,697.319,29.41458586956522,,35.757,31.19315217391304,421.9326086956522,419.0282608695652,31.7,,,4.968478260869565,,19400.0,,,3.5772826086956524
1965-03-31,717.79,30.529955555555553,,45.789,31.290333333333333,430.36555555555555,429.6433333333334,31.865555555555556,,,4.8933333333333335,,20200.0,,,3.9765555555555556
1965-06-30,730.1910000000001,31.235432967032967,,44.733,31.48989010989011,437.5285714285714,436.64395604395605,32.16593406593407,,,4.665934065934065,,19800.0,,,4.08021978021978
1965-09-30,749.323,31.888495652173912,,47.505,31.582934782608696,446.0293478260869,445.7326086956522,32.4,,,4.3673913043478265,,20200.0,,,4.077282608695652
1965-12-31,771.857,32.535673913043475,,48.546,31.75,455.83478260869566,459.7739130434782,32.63369565217391,,,4.1,,20300.0,,,4.1673913043478255
1966-03-31,795.7339999999999,33.469255555555556,,57.43500000000001,32.04555555555555,464.6,470.1311111111111,33.09666666666667,,,3.868888888888889,,21000.0,,,4.558666666666666
1966-06-30,804.9809999999999,34.16605714285714,,56.64699999999999,32.33681318681319,470.1989010989011,475.14395604395605,33.23296703296704,,,3.8340659340659338,,22100.0,,,4.9131868131868135
1966-09-30,819.6379999999999,34.691665217391304,,56.044,32.61521739130435,472.9402173913044,484.2804347826087,33.56630434782608,,,3.7673913043478264,,21500.0,,,5.410108695652174
1966-12-31,833.302,35.02676847826087,,59.421,32.88336956521739,477.73804347826086,490.0663043478261,33.33369565217391,,,3.7010869565217392,,21400.0,,,5.561195652173913
1967-03-31,844.1700000000001,34.83488777777778,,55.581,32.965555555555554,485.4788888888889,494.3777777777778,33.36555555555555,,,3.834444444444444,,22300.0,,,4.817444444444444
1967-06-30,848.983,34.68960109890109,,46.157999999999994,33.16593406593407,497.10109890109885,503.4197802197802,33.300000000000004,,,3.832967032967033,,23300.0,,,3.9894505494505497
1967-09-30,865.2330000000001,34.927318478260865,,48.685,33.49891304347826,510.5554347826087,510.6467391304348,33.43369565217392,,,3.8,,22500.0,,,3.8922826086956523
1967-12-31,881.439,35.86353369565217,,50.113,33.86630434782609,521.4021739130435,518.2423913043478,33.50108695652174,,,3.9,,22900.0,,,4.173804347826087
1968-03-31,909.3869999999998,36.37574725274725,,52.901,34.199999999999996,530.3318681318681,536.3252747252747,33.965934065934064,,,3.731868131868132,,23900.0,,,4.791758241758242
1968-06-30,934.344,36.867271428571435,,57.434,34.532967032967036,539.0648351648351,550.0307692307692,34.16703296703297,,,3.565934065934066,,24900.0,,,5.9848351648351645
1968-09-30,950.825,37.15097282608696,,52.14900000000001,34.99891304347826,549.4891304347826,566.1108695652174,34.29891304347826,,,3.534782608695652,,24800.0,,,5.948478260869565
1968-12-31,968.03,37.715248913043474,,53.9,35.43369565217392,562.2652173913044,574.9141304347826,34.5,,,3.4,,25600.0,,,5.917717391304348
1969-03-31,993.337,38.45089888888889,,62.02300000000001,35.86888888888889,571.8655555555555,586.9777777777778,35.0,,,3.4,,25700.0,,,6.565222222222222
1969-06-30,1009.0199999999999,38.61615714285714,,60.461,36.432967032967035,576.8956043956044,598.387912087912,35.5,,,3.4329670329670328,,25900.0,,,8.330439560439562
1969-09-30,1029.956,39.0814054347826,,63.52400000000001,36.93152173913043,580.55,608.55,35.766304347826086,,,3.5652173913043477,,25900.0,,,8.981521739130434
1969-12-31,1038.147,38.83759239130434,,57.540000000000006,37.5,585.5684782608695,620.6010869565217,36.1,,,3.567391304347826,,24900.0,,,8.940978260869565
1970-03-31,1051.2,37.89546444444444,,52.328,38.1,587.781111111111,631.5888888888888,36.63111111111111,,,4.165555555555556,,23900.0,,,8.559777777777779
1970-06-30,1067.375,37.68758571428571,,54.566,38.63296703296703,591.6978021978022,641.5758241758242,36.83296703296703,,,4.767032967032967,,24400.0,,,7.887362637362638
1970-09-30,1086.059,37.55448913043478,,54.194,39.03152173913043,605.0,653.4391304347827,37.03260869565217,,,5.164130434782609,,23000.0,,,6.711195652173912
1970-12-31,1088.608,36.74436413043478,,41.976,39.6,621.3358695652174,660.2054347826087,37.1,,,5.8326086956521745,,22600.0,,,5.566304347826088
1971-03-31,1135.156,37.449243333333335,,59.794,39.934444444444445,641.2755555555555,679.1588888888889,37.596666666666664,,,5.934444444444445,,24300.0,,103.00363636363636,3.861222222222222
1971-06-30,1156.271,37.78821868131868,,61.119,40.300000000000004,666.0406593406593,693.2098901098901,38.067032967032965,,,5.8999999999999995,,25800.0,,109.24978021978022,4.5673626373626375
1971-09-30,1177.675,37.90099782608696,,61.097,40.698913043478264,685.7945652173913,705.5195652173912,38.36739130434783,,,6.033695652173913,,25300.0,,108.45771739130436,5.475869565217391
1971-12-31,1190.297,38.78422608695652,,52.96300000000001,41.0,704.4315217391304,721.7086956521739,38.40108695652174,,,5.932608695652173,,25500.0,,107.26782608695652,4.748260869565217
1972-03-31,1230.609,40.436658241758245,,61.68899999999999,41.33186813186813,725.6318681318681,739.0274725274726,39.06373626373627,,,5.768131868131868,,26200.0,,122.31516483516484,3.552087912087912
1972-06-30,1266.369,41.20378351648352,,72.023,41.6,743.7945054945055,757.3736263736264,39.5,,,5.7,,26800.0,,131.21054945054945,4.299670329670329
1972-09-30,1290.566,41.719835869565216,,74.715,41.93152173913043,768.7304347826087,775.7086956521739,40.09891304347826,,,5.567391304347825,,27900.0,,129.52804347826086,4.74195652173913
1972-12-31,1328.904,43.169097826086954,,74.763,42.36630434782609,794.3717391304348,800.5,40.50217391304348,,,5.3673913043478265,,29200.0,,131.4628260869565,5.147608695652174
1973-03-31,1377.49,44.39919,,83.38,43.034444444444446,813.2044444444443,825.0077777777777,42.468888888888884,,,4.931111111111111,,30200.0,,125.93044444444445,6.535222222222222
1973-06-30,1413.887,44.783327472527475,,95.084,43.932967032967035,826.6021978021978,840.545054945055,44.532967032967036,,,4.932967032967033,,32700.0,,107.1478021978022,7.816923076923077
1973-09-30,1433.838,45.160033695652174,,87.905,44.79565217391304,838.1880434782609,858.7543478260869,46.36304347826086,,,4.8,,33500.0,,105.46434782608695,10.557608695652174
1973-12-31,1476.289,45.840841304347826,,101.94899999999998,45.93369565217391,849.0010869565218,873.8673913043478,46.73586956521739,,,4.766304347826087,,34000.0,,101.72467391304347,9.996304347826086
1974-03-31,1491.209,45.42917222222222,,87.435,47.3,864.6822222222223,891.9388888888889,49.86222222222223,,,5.13111111111111,,35200.0,,93.81633333333333,9.335111111111111
1974-06-30,1530.0559999999998,45.46060769230769,,91.93,48.56703296703297,875.0945054945056,920.4219780219779,51.60219780219781,,,5.198901098901098,,35600.0,,84.56307692307692,11.25065934065934
1974-09-30,1560.0259999999998,45.295564130434784,,79.265,49.926086956521736,884.429347826087,949.2032608695652,55.25978260869565,,,5.630434782608695,,36200.0,,66.09510869565217,12.098152173913043
1974-12-31,1599.6789999999999,43.48639456521739,,88.16,51.46630434782608,897.9934782608696,959.0978260869565,57.19782608695652,,,6.6000000000000005,,37200.0,,61.19228260869565,9.345543478260868
1975-03-31,1616.116,40.59704333333333,,45.359,52.56555555555555,915.1677777777778,985.06,57.16555555555555,,,8.272222222222222,,38100.0,,70.38311111111112,6.305444444444444
1975-06-30,1651.8529999999998,40.06201318681319,,35.682,53.1989010989011,948.6582417582417,1013.6252747252746,57.8010989010989,,,8.868131868131869,,39000.0,,81.21098901098901,5.417802197802198
1975-09-30,1709.82,41.049738043478264,,48.196000000000005,54.26304347826087,983.1434782608695,1047.1173913043478,59.029347826086955,,,8.467391304347826,,38800.0,,80.19717391304349,6.159130434782608
1975-12-31,1761.831,41.951278260869564,,51.534,55.266304347826086,1006.9673913043479,1076.2717391304348,59.66847826086956,,,8.3,,41200.0,,77.04369565217391,5.415434782608696
1976-03-31,1820.487,43.22313846153846,,70.803,55.9,1038.9373626373626,1109.9483516483517,59.934065934065934,,,7.734065934065933,,42800.0,,87.47813186813187,4.827912087912088
1976-06-30,1852.332,43.787423076923076,,81.27,56.4,1070.187912087912,1129.4582417582417,60.86593406593407,,,7.564835164835165,,44200.0,0.803,89.37571428571428,5.197692307692308
1976-09-30,1886.5580000000002,44.37189130434783,,82.952,57.29673913043479,1098.4673913043478,1158.691304347826,61.59782608695652,,,7.734782608695652,,44400.0,1.0928260869565216,91.24021739130436,5.283695652173913
1976-12-31,1934.2729999999997,45.17807608695652,,77.261,58.13369565217391,1138.4021739130435,1192.470652173913,62.13478260869565,,,7.766304347826087,,45500.0,1.4681521739130434,91.25054347826087,4.8725
1977-03-31,1988.6479999999997,46.087508888888884,,89.38,59.196666666666665,1177.0833333333333,1228.0966666666666,63.465555555555554,,,7.496666666666667,,46300.0,1.3335555555555556,96.28133333333334,4.6593333333333335
1977-06-30,2055.909,47.539747252747254,,101.18899999999998,60.23296703296703,1208.8021978021977,1256.0120879120877,65.03516483516484,,,7.131868131868132,,48900.0,1.2493406593406593,96.58505494505495,5.158791208791208
1977-09-30,2118.473,48.06403369565217,,117.16899999999998,61.064130434782605,1236.529347826087,1286.817391304348,65.13152173913043,,,6.9010869565217385,,48800.0,0.8259782608695652,100.7595652173913,5.816521739130435
1977-12-31,2164.27,48.37219782608695,,117.846,61.96630434782608,1262.2315217391304,1324.7760869565218,65.86739130434783,,,6.665217391304348,,51600.0,0.45695652173913043,101.36076086956523,6.513369565217391
1978-03-31,2202.76,48.23968222222222,,121.16,63.034444444444446,1285.8100000000002,1353.9977777777779,67.46555555555555,,,6.334444444444444,,53000.0,0.4678888888888889,102.52288888888889,6.755888888888888
1978-06-30,2331.633,50.17764065934065,,142.251,64.46703296703296,1309.8076923076924,1411.4065934065934,69.5,,,6.0,,55300.0,0.32483516483516484,117.40186813186813,7.284175824175825
1978-09-30,2395.053,50.61153695652174,,153.69,65.9608695652174,1334.082608695652,1442.1173913043476,70.59565217391305,,,6.033695652173913,,56100.0,0.01717391304347826,129.95282608695652,8.096195652173913
1978-12-31,2476.949,51.50081847826086,,168.161,67.5,1359.1336956521739,1481.341304347826,72.20108695652173,,,5.8999999999999995,,59000.0,-0.5103260869565217,119.8682608695652,9.58141304347826
1979-03-31,2526.61,51.74603555555556,,172.541,69.2,1379.1088888888887,1517.111111111111,74.83111111111111,,,5.865555555555555,,60600.0,-0.6865555555555556,125.51944444444445,10.073777777777778
1979-06-30,2591.247,51.63156263736264,,177.435,71.39999999999999,1411.7494505494506,1557.6461538461538,77.46703296703296,,,5.698901098901099,,63100.0,-0.4816483516483516,133.4989010989011,10.18065934065934
1979-09-30,2667.565,51.478246739130434,,173.261,73.69239130434782,1445.0695652173913,1611.6271739130436,79.88913043478261,,,5.8663043478260875,,64700.0,-0.44086956521739135,144.82641304347825,10.941413043478262
1979-12-31,2723.883,51.674096739130434,,168.481,76.03369565217392,1466.675,1655.0423913043478,82.70108695652173,,,5.967391304347826,,62600.0,-1.1133695652173914,142.67315217391305,13.580978260869566
1980-03-31,2789.842,51.88249560439561,,170.983,79.03406593406592,1492.3175824175823,1702.3197802197803,86.52527472527473,,,6.3,,63700.0,-1.284065934065934,152.6598901098901,15.066813186813189
1980-06-30,2797.352,49.67598461538461,,144.773,81.7,1514.541758241758,1704.6494505494506,88.26703296703297,,,7.335164835164835,,64000.0,0.23406593406593407,145.8731868131868,12.667912087912088
1980-09-30,2856.4829999999997,48.85825326086956,,105.604,83.22608695652174,1560.1847826086957,1763.6184782608696,91.16086956521738,,,7.668478260869565,,64900.0,0.5891304347826087,177.8525,9.825434782608696
1980-12-31,2985.5570000000002,50.752859782608695,,140.41,85.56630434782609,1593.4413043478262,1831.9217391304346,93.26739130434783,,,7.398913043478261,,66400.0,-0.7970652173913043,198.26684782608694,15.853369565217392
1981-03-31,3124.2060000000006,50.88421111111111,,198.389,87.93111111111111,1620.8011111111111,1885.75,96.1,,,7.434444444444445,,66800.0,-0.6277777777777778,199.32777777777778,16.591333333333335
1981-06-30,3162.532,51.047650549450545,,179.808,89.76593406593406,1664.5626373626376,1917.5252747252746,98.26703296703296,,,7.4010989010989015,,69400.0,-0.9487912087912088,217.59747252747252,17.788131868131867
1981-09-30,3260.609,51.53159565217391,,217.83700000000002,92.25760869565218,1693.9369565217391,1957.9858695652172,98.93478260869566,,,7.397826086956522,,69200.0,-1.181304347826087,201.02304347826086,17.59521739130435
1981-12-31,3280.8179999999998,50.369998913043474,,205.58999999999997,93.7663043478261,1737.8184782608694,1974.4750000000001,98.83369565217392,,,8.232608695652173,,70400.0,0.16467391304347825,195.56554347826085,13.589673913043478
1982-03-31,3274.302,49.324962222222226,,142.771,94.59666666666668,1777.221111111111,2013.8977777777777,99.69666666666667,,,8.831111111111111,,66400.0,-0.22588888888888892,181.40222222222224,14.208222222222222
1982-06-30,3331.9719999999998,48.732504395604394,,140.614,95.96593406593406,1815.1032967032966,2039.6868131868132,99.8,,,9.432967032967033,,69600.0,-0.2165934065934066,179.43593406593408,14.512637362637362
1982-09-30,3366.322,48.04569239130435,,132.665,97.63260869565218,1844.888043478261,2085.427173913043,100.2358695652174,,,9.897826086956522,,69300.0,0.4760869565217391,173.83891304347827,11.014239130434783
1982-12-31,3402.561,47.14485652173913,,76.973,97.93260869565216,1886.463043478261,2145.526086956522,100.33369565217392,,,10.665217391304349,,71600.0,0.7813043478260869,221.4328260869565,9.287608695652175
1983-03-31,3473.413,47.684551111111105,,74.326,98.0,1990.2555555555555,2184.8533333333335,100.36222222222223,,,10.365555555555556,,73300.0,1.0184444444444445,254.9,8.658111111111111
1983-06-30,3578.848,48.74624175824176,,106.049,99.13406593406594,2041.7483516483517,2249.394505494505,100.73406593406592,,,10.132967032967032,,74900.0,0.7932967032967033,300.7113186813187,8.801428571428572
1983-09-30,3689.179,50.403107608695656,,127.123,100.09673913043478,2073.9,2319.736956521739,101.69673913043479,,,9.368478260869566,,77400.0,0.7751086956521739,304.53108695652173,9.460108695652172
1983-12-31,3794.7059999999997,51.729457608695654,,180.72100000000003,101.10000000000001,2111.659782608696,2372.567391304348,102.20108695652173,,,8.533695652173913,,75900.0,0.9922826086956522,281.65456521739134,9.430978260869566
1984-03-31,3908.054,53.2535054945055,,242.442,102.53186813186812,2157.1780219780217,2418.489010989011,103.33626373626375,,,7.868131868131868,,78200.0,1.0332967032967033,262.8434065934066,9.68879120879121
1984-06-30,4009.601,54.080729670329674,,260.288,103.5,2203.6384615384613,2475.8516483516482,104.03406593406594,,,7.432967032967032,,80700.0,0.8536263736263737,242.97010989010988,10.554065934065934
1984-09-30,4084.25,54.45161521739131,,274.319,104.39673913043478,2232.6402173913043,2513.3130434782606,103.80434782608695,,,7.434782608695652,,81000.0,0.3660869565217391,245.18923913043477,11.390978260869565
1984-12-31,4148.551,54.476771739130434,,259.144,105.3,2282.242391304348,2561.6619565217393,103.53152173913043,,,7.30108695652174,,79900.0,0.9275,245.26032608695652,9.264891304347826
1985-03-31,4230.168,54.659578888888895,,229.572,106.26555555555555,2350.793333333333,2635.8744444444446,103.26555555555555,,,7.234444444444445,,82800.0,1.3166666666666667,275.08500000000004,8.475888888888889
1985-06-30,4294.887,54.699545054945055,,238.09199999999998,107.23296703296704,2392.467032967033,2681.9274725274727,103.36813186813187,,,7.2989010989011,,84300.0,1.4213186813186813,286.4163736263736,7.923846153846153
1985-09-30,4386.773,54.618995652173915,,222.408,107.89782608695653,2443.157608695652,2753.7260869565216,102.67282608695652,,,7.201086956521739,,83200.0,1.4378260869565218,296.34771739130434,7.899782608695652
1985-12-31,4444.094,54.93141413043478,,246.434,109.0,2479.316304347826,2779.490217391304,103.29891304347827,,,7.033695652173913,,86800.0,1.2328260869565217,303.38815217391306,8.103913043478261
1986-03-31,4507.894,55.26040333333333,,234.016,109.56222222222223,2516.1377777777775,2823.7477777777776,101.73444444444445,,,7.027777777777778,,88000.0,0.7881111111111112,348.14444444444445,7.825555555555557
1986-06-30,4545.34,54.9348010989011,,206.406,109.03296703296704,2582.558241758242,2851.532967032967,99.83516483516483,,,7.167032967032967,,92100.0,0.6228571428571429,390.13373626373624,6.919230769230769
1986-09-30,4607.669,55.15368043478261,,174.185,109.69673913043479,2646.740217391304,2916.60652173913,99.3663043478261,,,6.966304347826087,,93000.0,0.8589130434782608,374.3193478260869,6.210108695652173
1986-12-31,4657.627,55.782138043478255,,169.12,110.46739130434783,2705.613043478261,2953.0652173913045,99.73260869565217,,,6.8326086956521745,,95000.0,0.9908695652173912,356.0220652173913,6.269130434782609
1987-03-31,4722.156,56.50655666666667,,188.73100000000002,111.8,2748.395555555556,2982.8933333333334,100.89666666666668,,,6.6,,97900.0,0.8426666666666667,408.6244444444444,6.223999999999999
1987-06-30,4806.16,57.52604835164835,,180.061,113.06593406593407,2771.746153846154,3053.279120879121,102.5010989010989,,,6.267032967032967,,103400.0,0.8953846153846154,421.1710989010989,6.6521978021978025
1987-09-30,4884.555,58.60651630434783,,171.298,114.26195652173914,2788.7847826086954,3117.233695652174,103.66630434782608,,,6.001086956521739,,106000.0,1.0239130434782608,440.03847826086957,6.839239130434783
1987-12-31,5007.994,60.00712391304347,,228.513,115.33260869565218,2820.0456521739134,3151.00652173913,104.16630434782608,,,5.833695652173914,,111500.0,1.1315217391304346,341.0990217391304,6.919130434782608
1988-03-31,5073.372,60.55421978021978,,180.274,116.23406593406592,2869.48021978022,3232.0967032967033,104.76593406593408,,,5.7,,110000.0,1.0565934065934066,356.11043956043954,6.665164835164835
1988-06-30,5190.036,61.0834978021978,,192.483,117.56593406593407,2925.043956043956,3291.720879120879,106.5,,,5.468131868131868,,110000.0,1.0396703296703296,378.0974725274726,7.155934065934066
1988-09-30,5282.835,61.309196739130435,,189.65499999999997,118.9945652173913,2951.980434782609,3361.7576086956524,107.99891304347825,,,5.467391304347826,,115000.0,0.6428260869565218,384.3809782608696,7.981086956521739
1988-12-31,5399.509,61.74671630434783,,197.916,120.3,2977.875,3434.5804347826083,108.50217391304349,,,5.333695652173913,,113900.0,0.25173913043478263,377.98369565217394,8.471304347826088
1989-03-31,5511.253,62.041536666666666,,231.679,121.6688888888889,2994.6111111111113,3490.238888888889,110.93777777777777,,,5.2,,118000.0,-0.20177777777777778,398.8086666666667,9.446111111111112
1989-06-30,5612.463,61.799319780219776,,223.233,123.63406593406592,3015.1274725274725,3553.778021978022,112.80439560439561,,,5.232967032967033,,118900.0,-0.18835164835164836,434.1395604395604,9.727582417582418
1989-09-30,5695.365,61.41723152173913,,209.461,124.59782608695652,3072.8891304347826,3609.2641304347826,112.39999999999999,,,5.232608695652174,,120000.0,0.01847826086956522,459.05499999999995,9.084021739130435
1989-12-31,5747.237,61.656621739130436,,205.113,125.8663043478261,3133.2999999999997,3653.8130434782606,112.83478260869565,,,5.366304347826087,,124800.0,0.056739130434782604,458.05847826086955,8.614021739130434
1990-03-31,5872.701,62.10437333333333,,207.79400000000004,128.03444444444446,3178.6833333333334,3738.257777777778,114.50333333333334,,,5.3,,123900.0,0.060000000000000005,433.98744444444446,8.250333333333334
1990-06-30,5960.028000000001,62.544662637362634,,210.835,129.2978021978022,3205.248351648351,3783.3494505494505,114.33626373626375,,,5.334065934065935,,126800.0,0.10483516483516485,444.7518681318681,8.242637362637362
1990-09-30,6015.116,62.79834673913044,,197.394,131.5228260869565,3240.211956521739,3846.445652173913,116.44565217391305,,,5.697826086956522,,117000.0,0.6034782608695652,407.69097826086954,8.159565217391306
1990-12-31,6004.733,61.83570434782609,,146.118,133.76739130434783,3264.588043478261,3867.8902173913048,119.86413043478261,,,6.132608695652174,,121500.0,0.8015217391304347,351.51760869565214,7.742608695652173
1991-03-31,6035.178,60.67455666666667,,123.462,134.76555555555555,3304.7066666666665,3873.7955555555554,117.47555555555554,,,6.6,,120000.0,0.985111111111111,428.6321111111111,6.432555555555556
1991-06-30,6126.862,61.02124945054945,,110.971,135.56703296703296,3342.4395604395604,3927.0021978021978,116.3021978021978,,,6.834065934065934,,119900.0,1.2378021978021978,492.8381318681318,5.862417582417582
1991-09-30,6205.937,61.891586956521735,,117.882,136.59565217391304,3355.3380434782607,3973.1423913043477,116.1336956521739,,,6.8663043478260875,,120000.0,1.4267391304347825,507.6069565217391,5.645434782608696
1991-12-31,6264.540000000001,62.02167173913044,,140.299,137.73260869565217,3365.9380434782606,3999.9945652173915,116.23152173913044,,,7.101086956521739,,120000.0,1.8446739130434784,535.8802173913043,4.816739130434782
1992-03-31,6363.102,61.94788351648352,146979.0879120879,103.688,138.66813186813187,3394.9241758241756,4100.4197802197805,115.89780219780219,,,7.365934065934066,,119500.0,2.0142857142857142,621.5982417582418,4.0225274725274724
1992-06-30,6470.763,63.070327472527474,148948.02197802198,145.171,139.73296703296703,3397.248351648351,4155.696703296703,117.16703296703298,,,7.6000000000000005,,120000.0,2.1721978021978026,576.9936263736264,3.7705494505494506
1992-09-30,6566.641,63.565945652173916,151459.86956521738,149.841,140.7967391304348,3400.8989130434784,4226.692391304348,117.86521739130436,,,7.6336956521739125,,120000.0,2.4695652173913043,572.6295652173912,3.257065217391304
1992-12-31,6680.802999999999,64.21296413043477,154246.46739130435,167.58,142.0326086956522,3424.983695652174,4307.272826086956,117.8336956521739,,,7.3663043478260875,,126000.0,2.297717391304348,625.9307608695652,3.036086956521739
1993-03-31,6729.458999999999,64.79662,156188.5,185.55,143.06555555555556,3415.12,4349.306666666666,118.36555555555555,,,7.134444444444445,,125000.0,2.1327777777777777,685.7032222222223,3.0403333333333333
1993-06-30,6808.939,64.92874285714285,159911.37362637362,183.728,144.1010989010989,3430.2736263736265,4418.641758241758,119.50219780219781,,,7.067032967032968,,127000.0,1.9960439560439558,682.1567032967033,3.0
1993-09-30,6882.097999999999,65.17491630434783,162855.6739130435,165.281,144.76413043478263,3446.572826086957,4486.902173913043,118.86847826086957,,,6.80108695652174,,127000.0,1.6489130434782608,724.4980434782609,3.0596739130434782
1993-12-31,7013.738,66.19551195652174,166478.76086956522,199.493,145.96630434782608,3467.067391304348,4552.651086956522,118.89891304347825,,,6.6336956521739125,,127000.0,1.5316304347826086,765.9988043478261,2.9896739130434784
1994-03-31,7115.652000000001,67.0174188888889,169988.6222222222,231.18300000000002,146.7,3476.9399999999996,4620.854444444445,119.3688888888889,,,6.565555555555555,,130000.0,1.5334444444444444,787.3247777777777,3.2121111111111107
1994-06-30,7246.9310000000005,68.23371428571429,173215.4835164835,272.746,147.53296703296704,3483.942857142857,4683.016483516483,120.03186813186812,,,6.198901098901099,,130000.0,1.2721978021978022,728.4608791208791,3.940769230769231
1994-09-30,7331.075,69.101325,176934.41304347827,251.72100000000003,148.89565217391305,3486.6728260869563,4752.491304347826,120.96630434782608,,,6.001086956521739,,129700.0,1.096304347826087,738.5817391304348,4.4840217391304344
1994-12-31,7455.288,70.50539021739131,180931.79347826086,299.003,149.7663043478261,3485.9532608695654,4826.711956521739,121.43260869565219,,,5.6336956521739125,,132000.0,0.6818478260869566,752.5352173913044,5.165326086956521
1995-03-31,7522.289,71.24176111111112,181020.77777777778,311.785,150.86555555555555,3491.1744444444444,4862.855555555556,123.43111111111112,,,5.4688888888888885,,130000.0,0.35444444444444445,783.0801111111111,5.806333333333334
1995-06-30,7580.997000000001,71.46248021978022,183765.1208791209,284.876,152.1,3524.1010989010992,4933.594505494505,124.93296703296703,,,5.665934065934066,,133900.0,0.46835164835164833,863.5648351648351,6.01989010989011
1995-09-30,7683.125,72.14788804347826,186525.29347826086,262.859,152.8641304347826,3585.99347826087,4998.429347826087,125.2,,,5.6673913043478255,,132000.0,0.4680434782608696,1011.1451086956522,5.7966304347826085
1995-12-31,7772.586,72.73836304347826,188795.20652173914,276.879,153.7,3620.9445652173918,5055.667391304348,125.46739130434783,,,5.566304347826088,,138000.0,0.3943478260869565,1039.2789130434783,5.719130434782608
1996-03-31,7868.468,73.22686373626374,191799.97802197802,277.02,155.06813186813184,3665.6153846153848,5130.5516483516485,126.3021978021978,,,5.534065934065934,,137000.0,0.6443956043956044,1070.0685714285714,5.366483516483516
1996-06-30,8032.840000000001,74.81199120879121,195700.6043956044,313.146,156.4,3709.92967032967,5220.569230769231,127.83626373626375,,,5.501098901098901,,139900.0,0.6042857142857143,1187.965054945055,5.2432967032967035
1996-09-30,8131.408000000001,75.7817445652174,197068.75,352.912,157.29565217391303,3744.740217391304,5274.259782608696,128.16630434782607,,,5.267391304347826,,140000.0,0.6019565217391304,1142.6427173913044,5.306739130434782
1996-12-31,8259.771,76.82933586956521,200660.90217391305,346.998,158.66630434782607,3795.5043478260873,5352.783695652173,128.4358695652174,,,5.3326086956521745,,144100.0,0.5502173913043478,1262.3120652173911,5.279673913043479
1997-03-31,8362.655,78.28159111111111,203868.8777777778,371.20899999999995,159.63111111111112,3847.4022222222225,5433.07,128.5,,,5.234444444444445,,145000.0,0.5221111111111111,1324.6923333333334,5.279555555555556
1997-06-30,8518.825,79.40411648351648,203240.53846153847,418.212,159.9989010989011,3890.7164835164835,5471.112087912088,127.2021978021978,,,4.998901098901099,,145800.0,0.42494505494505497,1333.346923076923,5.523076923076923
1997-09-30,8662.823,81.25220760869566,207651.0760869565,430.18699999999995,160.79565217391306,3951.23152173913,5578.921739130435,127.19673913043479,,,4.866304347826087,,145000.0,0.3416304347826087,1592.2557608695652,5.5332608695652175
1997-12-31,8765.907,83.32443043478261,208790.77173913043,426.55999999999995,161.66630434782607,4013.317391304348,5663.660869565218,127.49565217391304,,,4.6673913043478255,,144200.0,0.17119565217391305,1615.6410869565218,5.506521739130434
1998-03-31,8866.48,84.26705777777778,210032.15555555557,467.328,162.0,4086.3855555555556,5721.251111111111,125.03444444444445,,,4.634444444444444,,152200.0,0.14233333333333334,1686.5262222222225,5.520333333333333
1998-06-30,8969.699,84.83771098901099,214867.13186813187,418.751,162.53406593406595,4162.916483516484,5832.625274725275,124.93516483516484,,,4.3999999999999995,,149500.0,0.034505494505494505,1827.193956043956,5.49989010989011
1998-09-30,9121.097,85.47041413043478,214721.59782608695,435.721,163.36521739130436,4232.994565217391,5926.445652173913,124.3054347826087,,,4.532608695652174,,153000.0,0.07032608695652175,1796.356956521739,5.533586956521739
1998-12-31,9293.991,86.65622282608696,221266.76086956522,463.666,164.1336956521739,4343.064130434782,6028.372826086957,123.46521739130434,,,4.433695652173913,,153000.0,0.2877173913043478,1861.735652173913,4.860326086956522
1999-03-31,9411.682,87.61612222222222,225875.93333333332,501.648,164.73444444444445,4419.823333333334,6102.127777777778,122.61,,,4.296666666666667,,157400.0,0.13766666666666666,2361.695111111111,4.732444444444444
1999-06-30,9526.21,88.45112417582418,230730.6043956044,469.769,165.96703296703296,4484.40989010989,6230.64945054945,124.50219780219781,,,4.265934065934066,,158700.0,0.25747252747252747,2522.0813186813184,4.746593406593407
1999-09-30,9686.626,89.24823369565217,235982.21739130435,488.636,167.19347826086957,4551.121739130435,6334.777173913043,126.85434782608696,,,4.233695652173913,,159100.0,0.24858695652173915,2734.530108695652,5.091956521739131
1999-12-31,9900.169,90.83491630434783,241201.0652173913,518.275,168.4336956521739,4613.364130434783,6467.232608695653,127.92934782608695,,,4.066304347826087,,165300.0,0.1955434782608696,3270.8015217391303,5.305434782608696
2000-03-31,10002.179,91.73921648351649,246790.63736263735,477.94900000000007,170.10219780219782,4685.395604395604,6618.078021978022,129.62967032967035,,,4.031868131868132,,165300.0,-0.046483516483516486,4422.441538461539,5.675494505494505
2000-06-30,10247.72,92.86820549450549,246724.84615384616,578.12,171.43076923076922,4763.823076923077,6711.875824175823,132.02857142857144,,,3.934065934065934,,163200.0,-0.3918681318681319,3750.3846153846152,6.273296703296704
2000-09-30,10318.165,92.80172065217391,248830.6739130435,548.56,172.99347826086955,4819.672826086956,6819.220652173914,133.75652173913045,,,4.001086956521739,,168800.0,-0.3298913043478261,3939.9890217391303,6.5200000000000005
2000-12-31,10435.744,92.54748586956521,250741.0760869565,542.902,174.2336956521739,4891.621739130435,6918.695652173913,135.5391304347826,,5088.0,3.9,,172900.0,-0.14619565217391306,3018.6857608695655,6.472934782608696
2001-03-31,10470.231,91.41567888888888,251868.3777777778,414.8949999999999,175.89666666666665,5020.816666666667,6995.083333333333,137.7788888888889,,5028.8,4.234444444444445,,169800.0,0.45844444444444443,2357.728888888889,5.596777777777778
2001-06-30,10599.0,90.26007362637363,254673.7142857143,384.743,177.13516483516483,5147.307692307692,7042.349450549451,136.23956043956045,,4466.538461538462,4.398901098901099,,179000.0,1.0806593406593408,2081.592087912088,4.325384615384616
2001-09-30,10598.02,89.02614347826088,252495.83695652173,336.012,177.6282608695652,5262.071739130434,7071.021739130435,133.36739130434785,,4181.858695652174,4.831521739130435,,172500.0,1.3208695652173912,1866.4552173913044,3.501304347826087
2001-12-31,10660.465,88.0493902173913,261700.08695652173,229.85,177.5,5383.933695652174,7187.354347826086,129.39565217391305,,3719.0652173913045,5.5,,171100.0,1.8982608695652172,1833.3589130434782,2.133804347826087
2002-03-31,10783.5,88.69005888888888,256990.06666666668,268.145,178.06888888888886,5477.372222222222,7217.484444444444,128.91666666666666,,3587.211111111111,5.7,,188700.0,1.8780000000000001,1883.482,1.733111111111111
2002-06-30,10887.46,90.05173406593407,259542.1208791209,266.56,179.46703296703296,5521.1373626373625,7307.757142857143,130.83296703296705,,3446.78021978022,5.832967032967033,,187200.0,1.8736263736263736,1640.8721978021977,1.75
2002-09-30,10984.04,90.610175,262836.4347826087,253.738,180.42934782608697,5625.235869565217,7397.194565217392,131.65978260869565,,3396.021739130435,5.733695652173913,,178100.0,2.035978260869565,1310.580543478261,1.739891304347826
2002-12-31,11061.433,90.55774347826087,263819.70652173914,238.78400000000002,181.5,5740.895652173914,7473.066304347826,133.0663043478261,,3385.9565217391305,5.8663043478260875,,190100.0,2.113804347826087,1345.9352173913044,1.4444565217391305
2003-03-31,11174.129,91.12529444444445,266175.7111111111,232.334,183.35888888888888,5835.395555555555,7567.751111111111,138.04777777777778,,3257.2444444444445,5.865555555555555,,186000.0,2.2763333333333335,1351.708111111111,1.2496666666666667
2003-06-30,11312.766,90.44968131868133,268307.8241758242,226.94,183.0648351648352,5951.453846153847,7661.3439560439565,137.16153846153847,,3262.6263736263736,6.132967032967033,,191800.0,2.197032967032967,1520.9269230769232,1.2468131868131866
2003-09-30,11566.669,91.0504695652174,275910.07608695654,254.188,184.42608695652174,6072.092391304348,7820.577173913043,138.06195652173912,,3087.2934782608695,6.1336956521739125,,191900.0,2.5416304347826086,1763.2256521739132,1.0167391304347826
2003-12-31,11772.233999999999,91.93278369565218,276876.04347826086,300.874,185.13478260869567,6066.640217391305,7913.3673913043485,139.23695652173913,,3347.9239130434785,5.833695652173914,,198800.0,2.4279347826086957,1933.1285869565215,0.9966304347826087
2004-03-31,11923.446999999998,92.58084725274726,282041.86813186813,288.018,186.70000000000002,6113.2780219780225,8048.950549450549,142.2021978021978,,3492.8241758241757,5.702197802197802,,212700.0,2.3273626373626373,2040.5364835164835,1.0031868131868134
2004-06-30,12112.815,93.12025824175824,285146.83516483515,345.442,188.16703296703298,6243.53956043956,8147.423076923077,146.27252747252749,,3521.4285714285716,5.6,,217600.0,2.143956043956044,1985.543956043956,1.0098901098901099
2004-09-30,12305.306999999999,93.63748152173913,289439.5543478261,365.526,189.36195652173913,6313.053260869566,8282.701086956522,147.7,,3724.2934782608695,5.433695652173913,,213500.0,1.7495652173913043,1873.2128260869563,1.4314130434782608
2004-12-31,12527.214000000002,94.9726739130435,297027.47826086957,392.925,191.39673913043478,6397.104347826086,8448.71195652174,150.52391304347827,,3833.554347826087,5.433695652173913,,228800.0,1.3560869565217393,2050.4509782608693,1.950217391304348
2005-03-31,12767.286,96.28542444444444,299485.77777777775,440.005,192.36555555555557,6433.075555555556,8551.487777777778,152.0822222222222,,3936.7555555555555,5.296666666666667,15.7244102334155,232500.0,0.8555555555555555,2057.0495555555553,2.469
2005-06-30,12922.656,96.83481428571429,305467.31868131866,381.96899999999994,193.66593406593404,6478.2780219780225,8700.80879120879,154.53076923076924,,4003.703296703297,5.1000000000000005,12.1428910402429,233700.0,0.5137362637362637,2012.1043956043957,2.9439560439560437
2005-09-30,13142.642,96.43731630434782,311421.04347826086,384.265,196.57608695652175,6570.267391304347,8867.748913043479,158.6619565217391,,4248.891304347826,4.966304347826087,10.0505340338639,236400.0,0.25869565217391305,2146.973913043478,3.458260869565217
2005-12-31,13324.204,97.30286304347827,312408.7173913043,456.172,198.43695652173915,6658.538043478261,8955.365217391303,164.30652173913043,,4237.891304347826,4.966304347826087,13.7152729400618,243600.0,0.1226086956521739,2181.705760869565,3.979782608695652
2006-03-31,13599.16,98.23101,321161.27777777775,486.45,199.4688888888889,6745.155555555555,9100.305555555555,162.79888888888888,20.05,4489.988888888889,4.731111111111111,12.914579084172297,247700.0,-0.03077777777777778,2286.891,4.455555555555556
2006-06-30,13753.424,98.80880659340659,322505.0989010989,491.53100000000006,201.26703296703295,6817.185714285714,9227.712087912088,165.4043956043956,20.16956043956044,4620.582417582417,4.6329670329670325,15.919934830676098,246300.0,0.07692307692307693,2240.926703296703,4.9070329670329675
2006-09-30,13870.188,99.20121521739131,324265.73913043475,506.393,203.17065217391306,6915.558695652174,9353.565217391304,166.71413043478262,20.339239130434784,4612.326086956522,4.6347826086956525,13.7944127742732,235600.0,-0.03336956521739131,2140.681304347826,5.246630434782609
2006-12-31,14039.56,99.44767826086957,324300.29347826086,475.9119999999999,202.33695652173913,7031.129347826087,9427.661956521739,164.1282608695652,20.496739130434783,4618.380434782609,4.432608695652174,12.4374525227278,245400.0,-0.10554347826086957,2389.265543478261,5.246630434782609
2007-03-31,14215.651000000002,100.44676222222222,328591.6,470.942,204.32003333333333,7131.5344444444445,9572.337777777779,166.6966666666667,20.666222222222224,4811.633333333333,4.5,12.516025717404,257400.0,-0.08422222222222223,2444.0172222222222,5.256555555555555
2007-06-30,14402.082,101.61806483516483,331641.1208791209,516.514,206.6323626373626,7251.696703296703,9678.810989010988,172.83846153846156,20.856483516483518,4734.142857142857,4.498901098901099,12.3664108203813,242200.0,0.042087912087912085,2552.9145054945056,5.25
2007-09-30,14564.117,101.70827826086956,333968.48913043475,525.852,207.93239130434782,7365.359782608695,9797.858695652174,173.66847826086956,20.996195652173913,4598.086956521739,4.666304347826087,11.776090119189,241800.0,0.34771739130434787,2607.18347826087,5.074782608695652
2007-12-31,14715.058,102.04404347826086,338253.0326086957,512.243,210.48592391304345,7443.552173913044,9936.929347826086,177.41630434782607,21.11663043478261,4608.597826086957,4.801086956521739,8.4106650161492,238400.0,0.7853260869565217,2703.1377173913047,4.496739130434783
2008-03-31,14706.538,101.79225824175823,335754.8461538461,453.905,212.77148351648353,7583.957142857143,10004.967032967033,183.8923076923077,21.273626373626374,4378.131868131868,5.002197802197802,-2.94688241274145,233900.0,1.6312087912087911,2333.0207692307695,3.180989010989011
2008-06-30,14865.701,100.25261098901099,337043.7032967033,430.746,215.53404395604397,7713.079120879121,10129.926373626373,196.0065934065934,21.453516483516484,4021.5824175824177,5.334065934065934,-5.37479390193386,235300.0,1.4619780219780218,2426.160879120879,2.0854945054945055
2008-09-30,14898.999,96.97882065217391,333104.1956521739,389.04900000000004,218.8608260869565,7807.810869565217,10159.53043478261,200.5054347826087,21.672826086956523,3551.8804347826085,5.998913043478261,-9.45836219043297,226500.0,1.4952173913043478,2296.0841304347823,1.9414130434782606
2008-12-31,14608.209,92.79053369565217,303418.097826087,232.842,213.85622826086959,8058.189130434783,9907.169565217391,178.0467391304348,21.856521739130436,3251.554347826087,6.867391304347826,-11.2532617130175,222500.0,2.024891304347826,1601.685,0.5079347826086956
2009-03-31,14430.902,87.55163444444445,296153.6777777778,-12.488000000000001,212.36675555555559,8315.775555555556,9814.648888888889,169.5411111111111,22.003777777777778,2706.9333333333334,8.265555555555554,-9.5433457138742,208400.0,1.8294444444444444,1487.189111111111,0.1821111111111111
2009-06-30,14381.236,85.13405054945055,297417.8131868132,-121.54000000000002,213.5016703296703,8414.875824175824,9805.347252747253,171.3274725274725,22.1132967032967,2450.098901098901,9.3010989010989,-26.954125841712905,220900.0,2.3012087912087913,1733.6775824175825,0.18
2009-09-30,14448.881999999998,86.56006086956522,304321.35869565216,-147.121,215.33838043478264,8444.772826086957,9939.526086956523,173.8641304347826,22.226195652173914,2350.8695652173915,9.631521739130434,-27.3920211012199,214300.0,2.488260869565217,1980.9208695652173,0.1567391304347826
2009-12-31,14651.249,87.91982934782608,306411.1630434783,5.526,217.02778260869565,8489.175,10005.209782608696,176.8945652173913,22.336521739130436,2492.217391304348,9.933695652173913,-30.400942327730696,219000.0,2.5858695652173913,2161.625,0.12
2010-03-31,14764.610000000002,89.61347888888889,310888.0888888889,54.666,217.3771,8489.42,10102.114444444445,182.10222222222222,22.439666666666668,2729.3777777777777,9.834444444444445,-23.2826876776176,222900.0,2.7975555555555554,2276.099111111111,0.13344444444444445
2010-06-30,14980.192999999997,91.35893846153846,316281.967032967,144.972,217.29725274725274,8578.163736263736,10208.162637362637,184.23956043956042,22.516813186813188,2980.747252747253,9.632967032967032,0.567560898226817,219500.0,2.6205494505494507,2341.288681318681,0.1934065934065934
2010-09-30,15141.607,92.56415760869565,317542.0869565217,255.321,217.93063043478259,8662.259782608697,10300.48043478261,184.6304347826087,22.626195652173916,3000.554347826087,9.466304347826087,2.64523355432446,224100.0,2.254782608695652,2233.0703260869564,0.1866304347826087
2010-12-31,15309.474,92.95760760869564,326996.6304347826,234.113,219.70018478260872,8773.773913043478,10430.297826086957,188.0032608695652,22.743478260869566,3167.532608695652,9.496739130434783,11.6952859542004,224300.0,2.3829347826086957,2536.4389130434784,0.1866304347826087
2011-03-31,15351.448,93.46891444444445,334897.81111111114,184.548,222.0485222222222,8884.42,10558.786666666667,195.90333333333334,22.866555555555557,3196.0333333333333,9.034444444444444,11.8350712569653,226900.0,2.7644444444444445,2739.669888888889,0.1565555555555556
2011-06-30,15557.539,93.82564065934065,340096.85714285716,247.597,224.57094505494507,9077.115384615385,10673.024175824175,203.7043956043956,22.966813186813187,3296.3626373626375,9.065934065934066,1.95889418582911,228100.0,2.638901098901099,2765.5686813186812,0.0932967032967033
2011-09-30,15647.68,94.87088260869565,342921.02173913043,245.333,226.02653260869565,9449.991304347826,10754.727173913043,203.83478260869563,23.09641304347826,3573.1739130434785,9.0,1.48052897943776,223500.0,2.148913043478261,2609.941739130435,0.08336956521739132
2011-12-31,15842.259,95.8511304347826,348803.3369565217,400.263,227.0460108695652,9611.589130434784,10809.192391304347,200.75978260869567,23.203478260869563,3651.5978260869565,8.633695652173913,6.50725845459896,221100.0,1.7870652173913044,2598.5779347826087,0.07326086956521739
2012-03-31,16068.805000000002,96.78958461538461,356154.62637362635,416.375,228.32593406593406,9783.145054945055,10958.686813186812,202.17912087912086,23.29703296703297,3839.4725274725274,8.265934065934067,2.67630187830391,238400.0,1.7468131868131869,2899.0309890109893,0.1034065934065934
2012-06-30,16207.115000000002,97.39646703296702,354853.5934065934,459.453,228.80695604395606,9937.334065934067,11005.052747252746,201.80109890109892,23.416483516483517,3846.2087912087914,8.2,4.03848247488841,238700.0,1.5326373626373626,2927.376923076923,0.1534065934065934
2012-09-30,16319.541,97.39065000000001,357782.14130434784,437.988,229.82823913043478,10123.80543478261,11058.867391304348,202.3782608695652,23.51608695652174,3807.8695652173915,8.035869565217391,7.559112785101479,248800.0,1.3854347826086957,3029.856413043478,0.14336956521739133
2012-12-31,16420.419,97.87561413043478,362867.52173913043,394.42099999999994,231.3706413043478,10355.054347826086,11165.528260869565,202.27173913043478,23.640108695652174,3874.2934782608695,7.80108695652174,2.8135413303859305,251700.0,1.4380434782608698,2996.3181521739134,0.16
2013-03-31,16648.189,98.62059777777776,369262.9222222222,448.06,232.2780777777778,10514.595555555556,11277.238888888889,203.57666666666668,23.776555555555554,4000.9,7.734444444444445,3.9889582043937,258400.0,1.6858888888888888,3178.0533333333333,0.14311111111111113
2013-06-30,16728.687,99.06797032967035,369094.5054945055,445.5,232.04332967032965,10628.582417582418,11315.764835164835,203.96813186813185,23.90648351648352,4094.8901098901097,7.532967032967033,10.2908536148791,268100.0,1.72021978021978,3370.826923076923,0.11659340659340658
2013-09-30,16953.838,99.46380869565219,372536.52173913043,524.555,233.29734782608696,10776.75,11407.958695652173,204.1695652173913,24.019565217391307,4031.6304347826085,7.233695652173913,15.3067565887953,264800.0,2.3414130434782607,3640.0935869565214,0.0833695652173913
2013-12-31,17192.019,100.1451597826087,374492.5869565217,539.304,234.16334782608695,10988.973913043477,11551.110869565216,201.9076086956522,24.143152173913045,4154.380434782609,6.933695652173912,13.0425064262563,273600.0,2.4208695652173913,3964.9433695652174,0.08673913043478261
2014-03-31,17197.738,100.82949111111112,377829.3777777778,496.9119999999999,235.62346666666667,11155.136666666665,11646.303333333333,205.49333333333334,24.29211111111111,4293.433333333333,6.665555555555556,9.93142387628909,275200.0,2.395111111111111,4209.29411111111,0.07344444444444445
2014-06-30,17518.508,102.21490329670328,386937.4175824176,592.673,236.87283516483515,11317.901098901099,11810.3989010989,208.1978021978022,24.400000000000002,4764.802197802198,6.2010989010989,9.31666783185355,288000.0,2.1995604395604396,4191.646483516483,0.0932967032967033
2014-09-30,17804.228,102.78811521739131,389525.07608695654,632.264,237.47834782608697,11462.465217391305,11959.490217391305,207.1413043478261,24.523043478260867,5037.663043478261,6.068478260869565,4.55772493368451,281000.0,1.983804347826087,4485.081956521739,0.09
2014-12-31,17912.079,103.38908913043478,389955.48913043475,620.376,236.8873043478261,11618.716304347825,12081.541304347827,200.42826086956524,24.619565217391305,4996.652173913043,5.69891304347826,8.24780610899778,298900.0,1.7389130434782607,4607.988260869565,0.10010869565217391
2015-03-31,18063.529,102.242,387015.13333333336,694.667,235.35543333333334,11835.737777777777,12119.906666666668,191.54777777777778,24.80033333333333,5335.8,5.5344444444444445,15.1136940752594,289200.0,1.367777777777778,4823.013111111111,0.11
2015-06-30,18279.784,100.81671978021978,393395.6043956044,665.704,236.96045054945057,11962.77912087912,12264.257142857141,193.03736263736266,24.943626373626373,5470.692307692308,5.435164835164835,12.2574927710348,289100.0,1.5474725274725274,5030.3058241758245,0.12329670329670331
2015-09-30,18401.626,100.8822804347826,397126.47826086957,639.421,237.8588804347826,12104.05652173913,12382.457608695653,191.66086956521738,25.066195652173914,5672.315217391304,5.10108695652174,10.0090094532023,295800.0,1.5321739130434784,4924.025108695652,0.1366304347826087
2015-12-31,18435.137,99.51416739130435,395587.42391304346,591.647,237.83504347826087,12275.670652173912,12423.368478260869,185.56521739130434,25.22641304347826,5776.065217391304,5.032608695652174,5.804885898567811,302500.0,1.3541304347826086,4997.56597826087,0.16043478260869565
2016-03-31,18525.933,98.84014725274726,396157.14285714284,528.095,237.6970989010989,12547.57032967033,12522.478021978022,182.01538461538462,25.403846153846153,5974.736263736264,4.8999999999999995,-0.823680716548121,299800.0,1.081978021978022,4620.02934065934,0.35956043956043954
2016-06-30,18711.702,98.48540549450551,400645.5714285714,499.232,239.58996703296702,12765.342857142856,12664.996703296703,185.36593406593406,25.576703296703297,5774.0329670329675,4.931868131868132,0.7316557067517421,306000.0,0.9797802197802198,4844.3268131868135,0.3732967032967033
2016-09-30,18892.639,98.74870543478261,404355.54347826086,491.415,240.60115217391305,12963.951086956522,12796.595652173914,187.06847826086957,25.726195652173914,5835.315217391304,4.89891304347826,4.18736172171992,303800.0,0.8368478260869565,5161.0725,0.39663043478260873
2016-12-31,19089.379,98.70676413043479,408455.72826086957,548.307,242.13584782608694,13162.314130434781,12922.281521739129,187.07500000000002,25.903369565217393,5840.597826086957,4.767391304347826,5.64713039617879,310900.0,1.1303260869565217,5309.668695652174,0.4504347826086956
2017-03-31,19280.084,98.77790888888889,415357.36666666664,505.484,243.83308888888888,13356.285555555554,13097.631111111112,191.25555555555556,26.059666666666665,5779.022222222222,4.565555555555556,5.85729633546525,313100.0,1.2055555555555555,5728.305777777778,0.7013333333333334
2017-06-30,19438.643,100.16841758241759,415691.021978022,549.561,244.11872527472528,13527.517582417584,13188.58131868132,193.12967032967032,26.213296703296706,6071.274725274725,4.3670329670329675,9.82176761923229,318200.0,0.9669230769230769,6088.209340659341,0.9495604395604396
2017-09-30,19692.595,99.8231391304348,419770.26086956525,580.906,245.27452173913045,13669.58043478261,13324.064130434781,194.025,26.409130434782607,6277.54347826087,4.333695652173913,4.10823367461069,320500.0,0.8785869565217391,6336.0625,1.1533695652173912
2017-12-31,20037.088,101.2418195652174,430306.6304347826,605.796,247.23783695652176,13809.402173913044,13551.517391304349,195.69782608695652,26.543478260869566,6339.065217391304,4.166304347826087,5.35344653167946,337900.0,0.6747826086956522,6766.344891304348,1.203804347826087
2018-03-31,20328.553,101.80619666666666,432436.6222222222,638.473,249.31475555555556,13917.57,13745.27888888889,198.8177777777778,26.781,6667.388888888889,4.0311111111111115,8.21872732822973,331800.0,0.5963333333333334,7249.626444444444,1.4475555555555555
2018-06-30,20580.912,102.98057142857142,437644.1868131868,606.634,250.68024175824178,14046.540659340659,13891.417582417582,202.57362637362638,26.9767032967033,7040.725274725275,3.931868131868132,0.7632745397362519,315600.0,0.44263736263736264,7356.511219780219,1.7362637362637363
2018-09-30,20798.73,103.83659347826087,439453.8369565217,707.824,251.68094565217393,14177.41847826087,14002.03043478261,203.76847826086959,27.202065217391304,7268.130434782609,3.7673913043478264,3.20723035486888,330900.0,0.25826086956521743,7872.85352173913,1.9230434782608694
2018-12-31,20917.867,103.99561739130434,441750.6195652174,703.69,252.71227173913041,14274.404347826086,14098.507608695652,202.6369565217391,27.453478260869566,7460.902173913043,3.8336956521739127,0.153266044000267,322800.0,0.2385869565217391,7183.0036956521735,2.220217391304348
2019-03-31,21111.6,103.01306333333333,441676.9888888889,715.363,253.38788888888888,14469.934444444445,14151.293333333333,199.71666666666667,27.69966666666667,7302.633333333333,3.868888888888889,3.77437978986855,313000.0,0.16711111111111113,7339.364222222222,2.4034444444444443
2019-06-30,21397.938,102.41169890109889,448598.94505494507,717.868,255.24786813186813,14647.254945054945,14350.695604395605,201.37032967032968,27.8632967032967,7247.307692307692,3.6329670329670334,8.0257730077027,322500.0,0.2098901098901099,7879.191857142858,2.3965934065934067
2019-09-30,21717.171,102.41525108695653,453861.8804347826,711.357,256.0856304347826,14920.154347826086,14547.80652173913,199.44456521739127,28.105978260869566,7114.565217391304,3.601086956521739,6.784010132884901,318400.0,0.11239130434782608,8065.629673913044,2.1916304347826085
2019-12-31,21933.217,101.89031413043479,455725.73913043475,627.364,257.88809782608695,15234.483695652174,14700.958695652173,198.86521739130433,28.316304347826087,6959.434782608696,3.6,7.33297441608343,327100.0,0.2008695652173913,8464.668804347826,1.6443478260869566
2020-03-31,21727.657,100.17276263736264,447139.83516483515,494.2579999999999,258.7568131868132,15611.806593406593,14488.78021978022,196.35934065934066,28.587472527472528,6683.076923076923,3.840659340659341,4.20404200864885,329000.0,0.28186813186813187,8796.756813186814,1.252967032967033
2020-06-30,19935.444,87.43962417582418,431619.5164835165,8.609,256.32074725274725,17662.23186813187,13176.46923076923,188.4351648351648,29.703516483516484,5463.43956043956,13.002197802197802,-2.7592382947806,317100.0,0.4921978021978022,9067.657692307692,0.05989010989010989
2020-09-30,21684.551,95.60508804347828,484507.70652173914,503.91399999999993,259.2339565217391,18401.307608695653,14475.88804347826,194.2532608695652,29.45608695652174,6454.45652173913,8.810869565217391,0.037493012665826,327900.0,0.5123913043478261,10907.978152173913,0.0933695652173913
2020-12-31,22068.767,97.2304510869565,490880.3043478261,550.615,261.05134782608695,18930.801086956522,14753.253260869566,198.43478260869566,29.690652173913044,6817.239130434783,6.733695652173913,4.18384454705364,338600.0,0.713695652173913,11955.783804347828,0.09
2021-03-31,22656.793,97.57111111111111,521021.5111111111,485.832,263.67324444444444,19599.60111111111,15268.601111111113,210.11777777777777,30.01522222222222,7841.422222222222,6.234444444444445,3.77594991598459,355000.0,1.192,13345.013444444445,0.08
2021-06-30,23368.861000000004,99.05700769230769,549421.4175824176,390.7420000000001,268.6207912087912,20352.40769230769,16015.642857142857,223.91098901098903,30.380109890109892,9835.439560439561,5.931868131868131,9.42172024326672,367800.0,1.4162637362637363,13842.912967032968,0.0698901098901099
2021-09-30,23921.991,99.70883695652174,541852.6847826086,518.726,272.8791630434783,20823.553260869565,16362.63152173913,233.62559782608696,30.788260869565217,10917.119565217392,5.070652173913044,15.1650096423144,395200.0,1.1021739130434782,14852.873913043477,0.09010869565217393
2021-12-31,24777.038000000004,100.93555434782608,558574.6195652174,784.187,278.6790434782609,21326.98804347826,16815.809782608696,241.67938043478262,31.26358695652174,11353.217391304348,4.1673913043478255,15.8466611706512,414000.0,1.0055434782608696,15387.117717391306,0.08
2022-03-31,25215.490999999998,101.91338,577371.1,851.221,284.8357,21611.585555555554,17176.4,253.0550777777778,31.708555555555556,11708.611111111111,3.8,12.285117357098498,413500.0,0.49544444444444447,14013.477222222222,0.12133333333333333
2022-06-30,25805.791,102.89765824175825,591568.9230769231,775.3120000000001,291.7025164835165,21669.554945054944,17603.394505494503,272.9407802197802,32.0767032967033,11483.21978021978,3.6329670329670334,8.87820339768977,437700.0,0.20945054945054944,12217.23868131868,0.7699999999999999
2022-09-30,26272.011000000002,103.24807391304348,589648.1086956522,778.478,295.49995652173914,21630.53369565217,17875.027173913044,269.92782608695654,32.43554347826087,10813.652173913044,3.5336956521739133,2.9348504616768305,438000.0,-0.2707608695652174,11890.111739130434,2.1859782608695655
2022-12-31,26734.277,102.78879130434781,588635.8478260869,893.9830000000001,298.43875,21396.907608695652,18108.421739130434,262.02617391304346,32.82326086956522,10743.108695652174,3.566304347826087,-0.8280553934615191,442600.0,-0.5577173913043478,10867.937934782609,3.65195652173913
2023-03-31,27164.359,102.78697000000001,597431.4888888889,769.193,301.19280000000003,21064.701111111113,18505.336666666666,258.6521222222222,33.17755555555556,9969.555555555555,3.4966666666666666,0.4651663114927951,429000.0,-0.6967777777777778,11453.880222222222,4.51488888888889
2023-06-30,27453.815,102.86327362637363,596553.4945054945,808.258,303.4655494505494,20793.865934065936,18685.630769230767,254.8001098901099,33.55978021978022,9445.175824175823,3.568131868131868,3.07133585169843,418500.0,-0.6743956043956044,12679.65142857143,4.990769230769231
2023-09-30,27967.696999999996,103.1568402173913,604158.6630434783,890.678,306.0207065217391,20815.58043478261,18927.957608695655,256.7933152173913,33.91902173913043,9155.032608695652,3.698913043478261,-1.33936141776867,435400.0,-0.7753260869565217,13778.935108695652,5.259239130434783
2023-12-31,28296.967,102.6965543478261,607132.1304347826,874.9830000000001,308.0998152173913,20786.33586956522,19170.34130434783,252.6356304347826,34.223260869565216,8833.95652173913,3.733695652173913,-8.79258085626701,423200.0,-0.3627173913043478,13936.331413043477,5.33
2024-03-31,28624.069,102.23213076923078,606222.978021978,847.617,310.9882527472528,20865.2,19425.065934065933,253.7503846153846,34.58725274725275,8634.835164835165,3.797802197802198,-8.92543472536121,426800.0,-0.32593406593406593,15702.70824175824,5.33
2024-06-30,29016.714,102.88661648351648,608831.098901099,943.344,313.16104395604395,20865.2,19682.86043956044,256.04552747252745,34.87340659340659,8021.978021978022,4.0,-8.92543472536121,414500.0,-0.3817582417582418,16652.26241758242,5.33
2024-09-30,29016.714,102.72118695652175,616588.2717391305,943.344,314.1074456521739,20865.2,19881.195652173912,255.14482608695653,35.21847826086957,7929.141304347826,4.201086956521739,-8.92543472536121,420400.0,-0.0833695652173913,17619.864239130435,5.264782608695652
2024-12-31,29016.714,102.64179999999999,617958.0,943.344,314.686,20865.2,19897.1,252.526,35.36,8040.0,4.1,-8.92543472536121,420400.0,0.0691304347826087,18273.661739130435,5.13
